Age,Gender,Driving_License,Region_Code,Previously_Insured,Vehicle_Age,Vehicle_Damage,Annual_Premium,Policy_Sales_Channel,Vintage,Response
59,Female,1,26,0,1-2 Year,Yes,45454.0,157,258,0
49,Male,1,4,0,> 2 Years,Yes,63367.0,17,288,0
35,Male,1,26,0,1-2 Year,Yes,28650.0,68,285,1
63,Female,1,40,1,1-2 Year,No,50708.0,44,11,0
28,Male,1,9,1,< 1 Year,No,28190.0,61,97,0
41,Female,1,5,1,> 2 Years,Yes,,123,296,0
59,Male,1,32,1,> 2 Years,No,57125.0,93,139,0
39,Male,1,20,1,> 2 Years,No,58159.0,74,87,0
43,Male,1,50,0,> 2 Years,No,42459.0,153,269,0
31,Male,1,11,0,1-2 Year,Yes,60418.0,67,250,1
31,Female,1,15,0,1-2 Year,Yes,43768.0,111,150,0
44,Male,0,32,1,1-2 Year,No,40563.0,2,237,1
56,Male,1,28,0,1-2 Year,No,52885.0,89,172,0
60,Female,1,22,1,1-2 Year,Yes,46885.0,26,245,1
44,Male,0,41,0,1-2 Year,Yes,31895.0,99,137,1
23,Male,1,17,1,> 2 Years,Yes,48958.0,27,209,0
42,Female,1,26,1,> 2 Years,No,26531.0,89,40,0
22,Male,1,44,1,> 2 Years,No,30481.0,146,147,0
44,Male,1,7,1,> 2 Years,Yes,48932.0,1,30,0
64,Female,1,42,1,1-2 Year,No,46360.0,103,243,0
50,Male,0,26,1,1-2 Year,No,49829.0,131,211,1
58,Male,1,25,1,< 1 Year,No,44932.0,41,288,0
22,Male,1,10,1,1-2 Year,No,63931.0,51,140,0
41,Female,1,45,1,1-2 Year,No,63032.0,15,157,0
53,Male,1,19,0,< 1 Year,Yes,40890.0,8,38,0
32,Male,1,11,0,> 2 Years,No,43807.0,38,171,0
42,Female,1,13,1,< 1 Year,Yes,36767.0,114,70,0
64,Female,1,8,0,1-2 Year,Yes,33071.0,83,134,1
45,Male,1,40,0,1-2 Year,Yes,51149.0,56,80,1
47,Male,1,4,1,1-2 Year,Yes,40540.0,103,252,0
62,Male,1,47,1,< 1 Year,Yes,60676.0,138,258,0
48,Female,1,31,1,1-2 Year,Yes,29712.0,102,230,0
36,Male,1,28,0,> 2 Years,No,51201.0,78,30,1
35,Male,1,11,0,1-2 Year,Yes,44899.0,83,91,1
64,Female,1,43,0,1-2 Year,No,44787.0,30,19,0
23,Female,1,1,0,1-2 Year,Yes,45982.0,5,21,0
57,Male,1,49,0,< 1 Year,No,47606.0,119,272,1
27,Female,1,47,0,> 2 Years,No,35150.0,31,154,0
41,Male,1,38,1,< 1 Year,Yes,45393.0,23,201,0
29,Female,1,24,1,> 2 Years,No,62259.0,48,259,0
59,Male,1,47,0,1-2 Year,No,52750.0,109,123,0
38,Male,1,31,0,> 2 Years,No,33593.0,40,35,0
24,Female,1,41,0,< 1 Year,No,42358.0,6,280,0
45,Male,1,46,0,1-2 Year,No,41607.0,38,42,0
34,Male,1,50,1,1-2 Year,No,62381.0,100,71,0
29,Female,1,26,0,< 1 Year,Yes,49811.0,27,238,0
46,Female,1,49,0,1-2 Year,Yes,53074.0,69,104,0
22,Male,1,50,0,1-2 Year,No,45595.0,57,44,0
40,Female,0,5,0,1-2 Year,Yes,51853.0,17,202,0
48,Male,1,20,1,< 1 Year,No,33183.0,71,85,0
27,Male,1,41,1,1-2 Year,Yes,45661.0,47,258,0
64,Male,1,11,1,> 2 Years,No,61495.0,79,92,0
28,Male,1,33,0,1-2 Year,No,38703.0,110,34,1
55,Female,1,50,1,1-2 Year,Yes,55815.0,13,66,0
34,Male,1,38,1,1-2 Year,Yes,54565.0,139,41,0
37,Male,1,27,1,> 2 Years,No,47942.0,124,21,0
56,Male,1,34,0,1-2 Year,No,58161.0,109,101,0
60,Female,1,15,0,1-2 Year,Yes,34716.0,90,10,0
24,Male,1,32,1,> 2 Years,Yes,58349.0,86,145,0
22,Male,1,21,1,1-2 Year,No,25132.0,92,205,1
26,Male,1,46,0,1-2 Year,No,28385.0,24,142,0
62,Male,1,5,0,1-2 Year,Yes,61538.0,73,95,0
24,Male,0,6,0,1-2 Year,Yes,60036.0,4,288,1
49,Female,1,38,1,1-2 Year,No,58743.0,113,189,0
38,Female,1,22,0,< 1 Year,Yes,32213.0,46,13,0
46,Male,1,18,1,1-2 Year,Yes,51119.0,18,135,1
64,Female,1,14,0,> 2 Years,No,27835.0,43,184,1
54,Female,0,10,1,1-2 Year,Yes,27738.0,93,260,0
30,Female,1,46,1,1-2 Year,No,29134.0,103,30,0
56,Male,1,13,0,1-2 Year,Yes,50892.0,124,114,1
34,Male,1,31,1,1-2 Year,No,64601.0,10,75,0
51,Male,1,30,0,< 1 Year,No,33353.0,73,272,0
35,Male,1,3,1,1-2 Year,Yes,40690.0,31,58,0
28,Female,1,30,1,> 2 Years,No,26909.0,156,25,0
34,Female,1,6,0,> 2 Years,Yes,50703.0,60,154,1
43,Female,1,29,1,1-2 Year,No,39496.0,131,259,0
60,Male,1,8,1,1-2 Year,No,37062.0,118,84,0
41,Male,1,44,0,1-2 Year,Yes,34850.0,14,299,1
36,Female,1,45,1,1-2 Year,Yes,52701.0,143,291,0
65,Female,1,43,1,1-2 Year,Yes,59731.0,2,75,0
38,Male,1,44,1,< 1 Year,No,30153.0,24,134,0
44,Female,0,33,0,1-2 Year,Yes,35481.0,64,96,0
46,Female,1,17,0,> 2 Years,Yes,58734.0,100,50,1
45,Male,1,48,0,> 2 Years,Yes,25889.0,114,195,0
65,Male,1,11,1,< 1 Year,Yes,44445.0,24,275,0
61,Male,1,13,0,1-2 Year,No,31461.0,155,280,0
49,Male,1,50,1,1-2 Year,Yes,63934.0,91,51,1
35,Male,1,11,0,1-2 Year,No,53205.0,26,102,0
65,Female,1,31,1,1-2 Year,Yes,48351.0,65,194,1
21,Male,1,28,0,1-2 Year,Yes,41006.0,120,224,0
45,Male,1,44,0,1-2 Year,No,35940.0,4,26,1
27,Male,1,6,0,1-2 Year,No,36258.0,157,274,0
29,Male,1,41,0,1-2 Year,No,49485.0,1,123,0
44,Female,1,16,1,1-2 Year,Yes,48763.0,50,57,0
21,Male,0,4,1,1-2 Year,Yes,26067.0,110,106,0
64,Male,1,35,1,> 2 Years,No,45607.0,139,104,0
28,Female,1,48,1,1-2 Year,Yes,34018.0,74,83,0
44,Male,1,26,1,1-2 Year,Yes,40187.0,62,77,0
31,Male,1,12,1,1-2 Year,No,62375.0,81,255,0
37,Male,1,11,1,1-2 Year,No,28985.0,56,86,0
28,Male,1,37,1,1-2 Year,No,44563.0,111,217,0
55,Male,1,25,0,1-2 Year,No,62306.0,21,263,1
55,Male,1,18,1,< 1 Year,No,43608.0,141,230,0
53,Male,1,19,0,> 2 Years,Yes,64139.0,9,271,0
25,Female,1,23,1,1-2 Year,Yes,26726.0,139,268,0
62,Male,1,38,1,1-2 Year,No,51582.0,70,83,0
59,Male,1,18,0,< 1 Year,No,30791.0,129,134,0
61,Male,1,26,0,1-2 Year,Yes,33458.0,118,197,1
48,Male,1,6,1,1-2 Year,Yes,42221.0,56,263,1
27,Female,1,4,1,> 2 Years,Yes,45968.0,31,244,0
29,Male,1,44,0,1-2 Year,No,42070.0,37,259,0
28,Female,1,29,1,1-2 Year,Yes,52937.0,91,81,1
32,Male,1,34,1,1-2 Year,Yes,62415.0,114,244,0
54,Male,1,17,0,1-2 Year,No,45802.0,128,165,0
53,Male,1,43,1,1-2 Year,No,35420.0,122,124,0
43,Female,1,43,1,1-2 Year,Yes,31642.0,69,237,0
44,Male,1,16,0,> 2 Years,No,44775.0,36,254,0
57,Male,1,2,1,< 1 Year,No,53754.0,32,23,0
55,Male,1,34,1,1-2 Year,Yes,29357.0,64,25,0
64,Female,1,8,0,1-2 Year,Yes,46263.0,48,51,0
60,Male,1,13,0,1-2 Year,Yes,38201.0,81,119,0
42,Female,1,42,0,1-2 Year,Yes,27739.0,158,287,0
47,Male,1,8,1,> 2 Years,No,38231.0,149,28,1
55,Male,1,30,1,1-2 Year,Yes,46168.0,60,75,0
21,Male,1,32,1,< 1 Year,No,57624.0,141,176,0
55,Male,1,36,1,1-2 Year,Yes,35635.0,1,82,0
57,Male,1,47,1,< 1 Year,Yes,34964.0,65,121,0
34,Male,1,30,0,1-2 Year,No,52785.0,33,283,0
23,Female,1,1,0,1-2 Year,Yes,54510.0,38,94,1
21,Male,1,43,0,< 1 Year,Yes,42261.0,25,148,1
25,Male,1,39,0,< 1 Year,Yes,44254.0,154,48,1
46,Male,1,17,1,1-2 Year,Yes,36392.0,59,114,0
34,Male,1,20,1,1-2 Year,No,37336.0,101,290,0
59,Male,1,24,0,1-2 Year,Yes,36939.0,127,132,0
47,Male,0,50,1,1-2 Year,No,52412.0,41,227,0
29,Male,1,22,1,1-2 Year,No,41676.0,158,70,0
35,Female,1,29,0,1-2 Year,Yes,34843.0,57,109,1
35,Female,1,22,0,1-2 Year,Yes,50112.0,48,213,0
46,Male,1,44,0,1-2 Year,No,55598.0,72,267,0
62,Male,1,9,0,1-2 Year,No,60454.0,56,14,0
33,Male,1,37,1,1-2 Year,Yes,58001.0,65,206,0
52,Male,1,10,0,1-2 Year,No,52228.0,12,189,0
59,Male,1,36,0,> 2 Years,Yes,39429.0,69,142,0
52,Male,1,37,0,1-2 Year,No,43758.0,134,262,0
24,Female,1,28,1,1-2 Year,Yes,27272.0,89,274,0
50,Female,1,28,0,1-2 Year,No,42350.0,25,102,0
57,Male,1,42,0,1-2 Year,No,47538.0,1,159,0
43,Male,1,43,0,1-2 Year,Yes,28400.0,131,147,0
59,Male,1,21,0,1-2 Year,Yes,40371.0,49,217,1
65,Female,1,24,0,> 2 Years,Yes,62310.0,147,134,1
35,Male,1,42,1,1-2 Year,No,61291.0,60,243,1
63,Male,1,40,0,1-2 Year,Yes,43147.0,157,70,1
49,Female,1,2,0,1-2 Year,Yes,28291.0,2,275,1
56,Male,1,8,1,1-2 Year,No,60256.0,73,143,1
33,Female,0,48,0,< 1 Year,No,35892.0,145,122,1
52,Male,1,27,0,> 2 Years,No,59326.0,110,200,0
27,Male,1,22,0,1-2 Year,No,62458.0,61,196,1
42,Male,1,37,1,1-2 Year,Yes,63889.0,17,98,0
48,Female,1,27,0,> 2 Years,No,62207.0,49,196,0
22,,1,29,1,1-2 Year,Yes,50995.0,76,141,0
62,Female,1,3,1,1-2 Year,Yes,30409.0,148,132,0
65,Male,1,44,0,< 1 Year,No,54823.0,131,57,0
26,Female,1,13,1,1-2 Year,No,32869.0,43,297,0
48,Male,1,45,0,1-2 Year,Yes,60724.0,57,188,1
48,Male,1,10,0,1-2 Year,No,47401.0,50,189,0
64,Female,1,36,1,> 2 Years,Yes,50958.0,37,108,1
64,Male,1,9,1,1-2 Year,Yes,35766.0,46,43,0
40,Male,1,27,1,1-2 Year,No,44768.0,15,79,0
50,Male,1,34,0,1-2 Year,Yes,55794.0,80,180,1
31,Male,0,1,0,1-2 Year,Yes,51145.0,139,281,0
48,Male,1,32,1,1-2 Year,No,35086.0,148,68,0
45,Male,0,25,0,1-2 Year,No,51442.0,24,190,0
59,Male,1,29,0,1-2 Year,Yes,41412.0,125,28,1
53,Female,1,7,0,> 2 Years,No,50596.0,118,235,0
21,Female,1,49,0,> 2 Years,No,35255.0,80,104,1
47,Male,1,3,1,> 2 Years,No,48332.0,94,90,0
33,Male,1,20,0,< 1 Year,No,40764.0,65,184,0
61,Male,1,20,1,1-2 Year,Yes,52563.0,88,231,1
23,Male,1,30,0,1-2 Year,Yes,47139.0,88,112,1
59,Male,1,35,1,1-2 Year,Yes,61370.0,145,63,1
26,Male,1,35,0,1-2 Year,No,30062.0,126,192,0
28,Male,1,49,0,1-2 Year,No,32244.0,89,77,0
47,Male,1,39,0,< 1 Year,No,31372.0,61,37,0
29,Male,1,27,0,1-2 Year,No,64873.0,15,283,1
57,Male,1,26,0,< 1 Year,Yes,44965.0,94,291,1
53,Female,1,14,1,> 2 Years,Yes,41956.0,51,128,0
62,Female,1,17,1,< 1 Year,Yes,38894.0,27,143,0
64,Male,1,18,0,1-2 Year,Yes,58382.0,74,138,1
44,Female,1,45,0,1-2 Year,Yes,29050.0,61,17,0
35,Male,0,29,0,1-2 Year,Yes,41709.0,31,60,0
52,Female,1,20,1,> 2 Years,No,40722.0,12,290,1
52,Female,1,27,1,< 1 Year,No,40210.0,46,184,0
44,Male,1,18,1,1-2 Year,No,61545.0,159,192,0
61,Male,1,4,0,1-2 Year,No,63674.0,32,201,0
32,Male,1,1,0,> 2 Years,Yes,59489.0,61,258,0
59,Male,1,50,0,1-2 Year,No,42733.0,46,244,0
22,,1,1,1,> 2 Years,No,45080.0,85,92,0
23,Male,1,26,1,< 1 Year,No,61664.0,80,102,0
57,Male,1,45,1,1-2 Year,Yes,64709.0,135,277,0
37,Female,1,20,1,1-2 Year,Yes,63014.0,4,129,0
22,Female,1,23,0,> 2 Years,Yes,52250.0,52,80,0
22,Male,1,10,1,1-2 Year,No,45229.0,159,26,0
48,Male,1,11,0,1-2 Year,No,41475.0,112,262,0
43,Male,1,41,1,1-2 Year,No,54011.0,36,131,0
57,Male,1,41,0,< 1 Year,Yes,33128.0,54,19,1
52,Female,1,5,0,1-2 Year,No,57450.0,119,296,0
53,Male,1,1,1,> 2 Years,No,43897.0,127,282,1
21,Male,1,17,1,1-2 Year,Yes,33168.0,17,219,1
39,Male,1,22,1,1-2 Year,Yes,31861.0,75,227,0
22,Male,1,34,0,1-2 Year,No,38750.0,158,250,0
64,Female,1,45,1,1-2 Year,Yes,41988.0,105,209,0
46,Female,1,41,0,1-2 Year,No,27979.0,150,225,0
52,Male,1,29,1,1-2 Year,No,48524.0,117,214,0
26,Male,1,4,0,1-2 Year,No,32065.0,43,225,0
52,Male,1,5,1,1-2 Year,No,62684.0,112,89,0
24,,1,11,1,1-2 Year,No,48184.0,115,276,0
31,Female,1,21,1,< 1 Year,No,58365.0,27,44,0
37,,1,35,0,1-2 Year,Yes,48704.0,37,298,1
58,Male,1,12,0,> 2 Years,Yes,30622.0,46,27,1
44,Female,1,26,1,> 2 Years,Yes,43261.0,113,174,0
25,Male,1,19,0,> 2 Years,No,53419.0,35,22,0
54,Female,1,45,1,> 2 Years,Yes,59467.0,132,211,0
26,Male,1,7,0,1-2 Year,Yes,50605.0,80,238,1
42,Male,1,47,0,> 2 Years,Yes,54171.0,80,10,1
31,Male,1,7,1,1-2 Year,No,47164.0,154,226,0
36,Male,1,26,1,1-2 Year,No,38796.0,121,43,0
53,Male,1,40,1,1-2 Year,No,61854.0,147,275,0
29,Female,1,5,1,< 1 Year,No,56320.0,122,137,0
26,Male,1,21,0,> 2 Years,No,25665.0,81,221,0
36,Male,1,14,1,> 2 Years,No,57694.0,154,272,1
49,Male,1,4,0,1-2 Year,No,49230.0,150,89,0
23,Male,1,23,1,> 2 Years,No,47995.0,119,174,0
40,Male,1,42,1,< 1 Year,Yes,51784.0,58,261,0
56,Male,1,20,0,1-2 Year,No,39605.0,63,21,0
39,Female,1,15,1,1-2 Year,Yes,42463.0,156,221,0
46,Male,1,50,1,1-2 Year,Yes,33419.0,100,291,1
23,Male,1,45,0,> 2 Years,No,58837.0,66,121,0
39,Male,0,29,1,> 2 Years,Yes,30263.0,145,220,0
40,Female,0,8,0,> 2 Years,Yes,59131.0,85,248,0
52,Female,1,41,0,1-2 Year,No,62276.0,137,277,0
27,Female,1,48,0,> 2 Years,Yes,59523.0,144,67,1
61,Male,1,19,0,< 1 Year,No,25519.0,123,43,0
53,Male,1,48,1,> 2 Years,No,56106.0,2,272,0
60,Male,1,39,1,1-2 Year,No,35514.0,106,44,0
59,Male,1,46,1,< 1 Year,No,32233.0,108,280,0
38,Male,1,28,1,1-2 Year,No,26102.0,72,236,0
60,Male,1,46,0,1-2 Year,No,25597.0,126,34,0
21,Male,1,27,0,1-2 Year,No,44657.0,57,243,0
31,Male,1,4,0,1-2 Year,No,63549.0,81,68,0
48,Female,1,15,0,< 1 Year,No,31256.0,158,260,0
45,Male,1,35,1,1-2 Year,No,54401.0,141,95,0
43,Male,1,37,0,< 1 Year,Yes,31554.0,19,260,0
51,Female,1,1,0,1-2 Year,Yes,37664.0,7,189,1
50,Male,1,3,0,< 1 Year,No,49386.0,137,216,0
62,Female,1,47,1,1-2 Year,Yes,29846.0,54,158,0
55,Male,1,24,1,1-2 Year,Yes,51205.0,104,80,0
27,Male,1,27,1,> 2 Years,No,50570.0,86,130,0
36,Female,1,40,1,> 2 Years,Yes,55255.0,82,262,0
46,Female,1,36,1,1-2 Year,Yes,46182.0,61,102,0
22,Female,1,34,1,> 2 Years,No,64373.0,87,265,0
21,Male,1,29,0,> 2 Years,No,41043.0,2,263,0
32,Male,1,24,1,> 2 Years,Yes,60754.0,31,297,0
25,Male,1,24,1,1-2 Year,No,25400.0,33,68,0
57,Male,1,42,1,< 1 Year,No,44239.0,80,78,0
52,Female,1,4,1,1-2 Year,Yes,35416.0,11,95,0
29,Male,1,3,0,1-2 Year,Yes,28412.0,128,283,0
61,Female,1,34,1,1-2 Year,No,41440.0,135,236,0
55,Male,1,49,1,1-2 Year,No,49406.0,128,90,0
39,Male,1,23,0,,No,26875.0,31,123,0
36,Male,1,23,1,> 2 Years,No,62066.0,126,193,0
23,Female,1,45,0,1-2 Year,No,61536.0,47,289,0
40,Female,1,5,1,< 1 Year,Yes,30752.0,107,63,0
44,Female,1,31,1,1-2 Year,No,46217.0,19,206,0
53,Female,1,41,0,> 2 Years,Yes,37489.0,81,189,0
44,Female,1,6,1,1-2 Year,No,26353.0,123,231,0
31,Female,1,37,0,1-2 Year,No,51986.0,134,283,0
28,Male,1,10,1,1-2 Year,Yes,46371.0,107,253,0
56,Male,1,40,0,1-2 Year,No,64365.0,49,163,0
58,Male,0,7,1,1-2 Year,Yes,39691.0,73,282,0
60,Female,1,39,0,1-2 Year,Yes,29311.0,50,144,1
40,Female,1,38,1,> 2 Years,No,35794.0,81,17,0
55,Male,1,21,0,> 2 Years,Yes,27934.0,95,137,0
45,Female,1,20,1,> 2 Years,No,41406.0,12,65,0
55,Female,1,3,1,> 2 Years,Yes,35394.0,23,135,0
45,Male,1,22,1,1-2 Year,No,51872.0,54,168,0
49,Male,1,47,1,1-2 Year,No,45800.0,118,68,0
38,Female,0,4,1,1-2 Year,No,62909.0,59,67,0
38,Male,1,28,0,> 2 Years,No,46352.0,3,149,0
22,Female,1,12,0,1-2 Year,No,61439.0,58,185,0
55,Male,1,38,0,1-2 Year,Yes,53312.0,57,117,1
36,Female,1,36,1,1-2 Year,Yes,40438.0,145,220,1
61,Female,1,47,1,1-2 Year,Yes,48385.0,90,83,0
56,Female,1,41,0,1-2 Year,Yes,43482.0,55,176,1
53,Male,1,5,1,1-2 Year,No,57471.0,45,242,0
24,Female,1,13,1,< 1 Year,Yes,38026.0,1,191,0
53,Female,1,23,1,1-2 Year,No,44648.0,21,131,0
34,Male,1,50,0,> 2 Years,No,30435.0,21,212,0
41,Female,1,30,0,1-2 Year,Yes,33493.0,52,38,0
40,Male,1,37,1,1-2 Year,No,31691.0,82,211,0
28,Male,1,25,1,1-2 Year,Yes,27763.0,67,102,0
27,Male,1,48,0,> 2 Years,No,45389.0,113,185,0
23,Male,1,27,1,,Yes,56498.0,44,220,0
37,Male,1,14,1,> 2 Years,No,61009.0,10,193,0
53,Female,1,48,1,1-2 Year,No,60825.0,64,104,0
32,Male,1,47,1,> 2 Years,Yes,41934.0,69,282,0
42,Female,1,36,0,> 2 Years,Yes,30574.0,68,146,1
42,Male,1,39,0,1-2 Year,No,63179.0,28,246,0
50,Male,1,16,1,< 1 Year,Yes,26587.0,116,274,0
58,Male,1,22,0,1-2 Year,No,63688.0,51,144,0
58,Female,1,21,0,1-2 Year,No,36688.0,4,153,0
65,Male,1,21,0,1-2 Year,Yes,29409.0,79,28,1
28,Male,1,8,0,1-2 Year,No,30783.0,17,240,1
47,Female,1,49,0,1-2 Year,No,58480.0,108,143,0
47,Male,1,16,0,< 1 Year,No,51751.0,74,123,0
54,Male,1,31,0,1-2 Year,No,63174.0,23,148,1
41,Male,1,42,0,1-2 Year,Yes,37041.0,18,134,0
50,Female,1,10,1,< 1 Year,Yes,48227.0,129,213,0
53,Male,1,32,1,1-2 Year,No,60201.0,35,70,1
48,Female,1,34,1,1-2 Year,No,61069.0,64,259,0
53,Male,1,9,0,1-2 Year,Yes,41654.0,59,22,1
25,Female,1,17,0,> 2 Years,No,51370.0,1,264,1
39,Female,1,11,1,1-2 Year,Yes,54482.0,131,94,0
24,Female,1,32,1,1-2 Year,Yes,36586.0,67,29,0
55,Male,1,10,0,1-2 Year,No,30322.0,37,59,0
37,Female,1,22,0,> 2 Years,Yes,38932.0,29,173,0
64,Male,1,17,1,> 2 Years,No,54299.0,89,101,1
48,Male,1,4,0,> 2 Years,Yes,50179.0,100,97,0
50,Male,1,48,0,1-2 Year,No,30257.0,122,78,0
49,Female,1,47,1,1-2 Year,Yes,34777.0,90,46,0
26,Female,1,25,0,1-2 Year,No,36249.0,132,262,1
55,Female,1,21,0,< 1 Year,No,46390.0,14,261,0
61,Male,1,37,0,> 2 Years,Yes,45369.0,150,149,0
57,Male,1,38,1,1-2 Year,No,37881.0,131,177,0
44,Female,1,49,0,> 2 Years,Yes,34587.0,85,63,1
49,Male,1,1,0,1-2 Year,Yes,53264.0,151,187,0
51,Male,1,25,0,> 2 Years,No,33791.0,21,115,0
55,Male,1,36,1,1-2 Year,Yes,47375.0,26,146,0
53,Male,1,17,0,< 1 Year,No,47611.0,41,199,0
41,Male,1,41,1,1-2 Year,No,32833.0,122,137,0
52,Male,1,24,0,1-2 Year,No,40754.0,38,56,0
43,Male,1,2,1,1-2 Year,Yes,37577.0,88,14,0
53,Male,1,40,1,> 2 Years,Yes,56095.0,11,266,0
23,Female,1,15,0,< 1 Year,Yes,46248.0,29,159,0
38,Male,1,32,0,1-2 Year,No,60282.0,60,252,1
45,Male,1,39,0,1-2 Year,No,61737.0,61,284,0
62,Female,1,6,0,1-2 Year,No,56891.0,147,217,0
51,Male,1,1,1,> 2 Years,Yes,49124.0,22,124,0
23,Female,1,47,0,> 2 Years,Yes,29566.0,78,204,0
60,Female,0,23,0,1-2 Year,Yes,27196.0,113,179,0
44,Male,1,39,0,> 2 Years,Yes,56115.0,123,91,0
52,Male,1,17,1,1-2 Year,Yes,44859.0,142,163,1
42,Female,1,34,0,1-2 Year,Yes,36345.0,44,150,1
43,,1,41,0,1-2 Year,Yes,59077.0,144,155,1
22,Male,1,29,0,1-2 Year,Yes,25864.0,97,131,1
47,Male,1,9,1,1-2 Year,Yes,37055.0,77,261,0
62,Male,1,13,1,< 1 Year,Yes,63157.0,140,98,0
22,Female,1,6,0,> 2 Years,Yes,44747.0,55,67,0
46,Male,1,6,0,1-2 Year,Yes,36978.0,51,72,1
37,Female,1,20,0,1-2 Year,No,49599.0,102,289,1
60,Male,1,3,0,> 2 Years,Yes,60771.0,29,81,0
53,Male,1,17,1,> 2 Years,Yes,42615.0,69,18,0
29,Male,1,49,1,< 1 Year,Yes,64349.0,159,103,1
63,Male,1,12,0,1-2 Year,Yes,54377.0,80,161,0
59,Male,1,48,1,> 2 Years,Yes,55031.0,31,49,0
49,Male,1,47,0,1-2 Year,Yes,36760.0,112,71,1
62,Male,1,45,1,1-2 Year,No,58714.0,46,263,0
46,Female,1,1,1,< 1 Year,Yes,50762.0,97,78,0
55,Male,1,17,0,1-2 Year,Yes,59332.0,52,254,0
45,Male,1,3,1,1-2 Year,No,29944.0,138,179,0
44,Female,1,26,0,1-2 Year,Yes,38877.0,74,187,1
33,Female,1,15,0,> 2 Years,Yes,54990.0,41,198,0
27,Female,1,36,0,> 2 Years,No,59076.0,77,269,0
56,Female,1,32,0,> 2 Years,No,28258.0,131,81,0
65,Male,1,32,1,1-2 Year,Yes,56629.0,114,26,0
40,Male,1,4,1,< 1 Year,No,62579.0,52,66,1
21,Female,1,18,1,1-2 Year,Yes,47958.0,156,227,1
28,Female,1,49,1,< 1 Year,Yes,64465.0,87,116,0
36,Male,1,19,1,> 2 Years,No,45317.0,109,182,0
34,Female,1,43,0,1-2 Year,Yes,40775.0,141,228,1
32,Male,1,35,0,1-2 Year,Yes,36039.0,69,256,0
43,Male,1,40,0,1-2 Year,No,54097.0,120,227,0
35,Male,1,14,1,> 2 Years,No,59207.0,67,40,0
48,Male,1,33,1,> 2 Years,Yes,47553.0,61,56,0
54,Male,1,14,0,1-2 Year,No,25055.0,71,143,0
22,Male,1,34,1,> 2 Years,Yes,48161.0,152,117,0
52,Female,1,4,1,1-2 Year,No,57873.0,151,81,0
43,Male,1,24,1,1-2 Year,Yes,60969.0,30,117,1
42,Male,1,29,0,> 2 Years,Yes,40184.0,146,281,1
45,Female,1,19,0,1-2 Year,Yes,25669.0,96,180,1
42,Female,1,6,0,> 2 Years,Yes,37663.0,56,125,0
42,Female,1,33,0,1-2 Year,Yes,50318.0,53,83,1
62,Female,1,49,0,< 1 Year,No,58734.0,7,265,0
26,Female,1,40,1,> 2 Years,No,41691.0,97,90,0
35,Male,1,19,0,< 1 Year,Yes,43522.0,113,277,1
63,Male,1,1,1,> 2 Years,Yes,36656.0,125,137,1
57,Male,1,5,0,> 2 Years,Yes,40893.0,132,244,1
53,Male,1,27,1,1-2 Year,No,41493.0,121,50,0
28,Male,1,16,0,1-2 Year,No,28632.0,38,190,1
64,Female,1,6,1,1-2 Year,No,55336.0,122,166,0
64,Male,0,40,1,1-2 Year,No,48112.0,26,68,0
25,Male,1,13,0,< 1 Year,Yes,63452.0,129,258,0
59,Male,1,48,0,1-2 Year,Yes,38266.0,4,201,0
24,Female,1,35,1,1-2 Year,No,41940.0,39,33,0
26,Male,1,19,0,1-2 Year,No,49003.0,54,89,1
65,Female,1,12,0,> 2 Years,Yes,57872.0,33,143,1
52,Male,1,16,0,> 2 Years,Yes,59815.0,20,222,1
50,Male,1,43,0,1-2 Year,No,55869.0,16,175,1
55,Male,1,10,1,1-2 Year,Yes,42257.0,149,80,1
60,Female,1,25,0,> 2 Years,Yes,,127,223,1
36,Male,1,20,1,1-2 Year,No,44622.0,87,74,0
33,Female,1,31,1,1-2 Year,Yes,55408.0,82,230,0
62,Male,1,4,1,> 2 Years,Yes,33837.0,62,295,0
50,Male,1,44,1,1-2 Year,No,40407.0,31,194,0
39,Female,1,23,1,1-2 Year,No,54309.0,42,216,0
37,Female,1,2,0,> 2 Years,No,31382.0,12,108,0
39,Female,1,22,1,> 2 Years,Yes,52654.0,65,251,0
48,Female,1,37,1,1-2 Year,Yes,43895.0,73,167,1
46,Female,1,8,1,1-2 Year,No,58551.0,131,107,1
57,Female,1,7,1,1-2 Year,No,46376.0,115,51,0
46,Female,1,14,0,< 1 Year,Yes,25370.0,137,148,0
43,Female,1,3,0,> 2 Years,No,25486.0,106,292,0
29,Female,1,50,1,< 1 Year,Yes,48762.0,16,236,1
32,Male,1,16,0,> 2 Years,Yes,51613.0,78,81,0
21,Female,1,19,1,< 1 Year,Yes,28196.0,125,252,0
21,Male,1,18,0,1-2 Year,Yes,54401.0,131,27,0
54,,1,16,0,1-2 Year,Yes,60029.0,152,86,0
52,Female,1,8,0,1-2 Year,No,35813.0,141,54,0
45,Male,1,33,0,1-2 Year,No,33572.0,130,149,0
60,Female,1,49,0,1-2 Year,No,53225.0,112,186,0
65,Male,1,12,0,1-2 Year,Yes,57275.0,127,231,0
21,Male,1,11,1,1-2 Year,Yes,31843.0,21,101,0
36,Female,1,5,1,< 1 Year,Yes,26105.0,147,31,0
59,Male,1,27,0,> 2 Years,Yes,56639.0,89,181,0
25,Female,1,12,1,1-2 Year,No,43051.0,47,101,0
42,Female,1,17,1,,No,53708.0,150,201,0
49,Male,1,6,1,> 2 Years,No,60459.0,85,86,0
23,Male,1,33,0,> 2 Years,Yes,36864.0,128,290,0
32,Male,1,5,1,1-2 Year,Yes,59764.0,72,188,1
46,Male,1,28,1,1-2 Year,No,26425.0,42,247,0
36,Female,1,14,0,> 2 Years,Yes,31849.0,9,144,0
57,Male,1,5,0,> 2 Years,No,61015.0,25,289,0
42,Male,1,33,1,> 2 Years,No,43976.0,2,28,0
49,Male,1,50,0,1-2 Year,Yes,59258.0,19,92,0
34,Male,1,48,1,1-2 Year,No,56113.0,20,237,0
48,Female,1,41,0,1-2 Year,No,40401.0,70,274,0
25,Male,1,19,1,1-2 Year,Yes,37884.0,17,121,0
50,Female,1,22,1,1-2 Year,No,43824.0,124,260,0
25,Male,1,5,0,> 2 Years,Yes,62563.0,89,173,1
32,Female,1,2,0,1-2 Year,Yes,59414.0,94,177,1
36,Male,1,30,1,1-2 Year,No,41142.0,84,230,0
46,Male,0,47,1,1-2 Year,No,30956.0,131,200,0
46,Female,1,39,1,< 1 Year,Yes,38928.0,87,179,0
41,Male,1,4,0,1-2 Year,Yes,34721.0,51,54,0
59,Female,1,33,0,> 2 Years,No,36157.0,82,23,1
56,,1,13,0,1-2 Year,No,60135.0,154,240,0
53,Male,1,20,1,1-2 Year,No,31696.0,8,166,0
50,Male,1,7,0,> 2 Years,Yes,52862.0,121,143,0
57,Female,1,15,0,1-2 Year,No,30190.0,155,46,0
43,Male,1,23,1,1-2 Year,Yes,29663.0,4,62,1
30,Male,1,14,1,> 2 Years,No,64830.0,86,27,0
25,Male,1,23,0,1-2 Year,Yes,29331.0,128,47,0
56,Male,1,19,0,1-2 Year,No,53549.0,110,196,0
54,Male,1,29,1,> 2 Years,Yes,41246.0,99,205,1
51,Female,1,20,1,< 1 Year,Yes,50761.0,37,252,0
30,Female,1,29,0,1-2 Year,Yes,28262.0,71,44,0
39,Female,1,24,1,1-2 Year,Yes,32036.0,33,224,1
52,Female,1,18,1,> 2 Years,No,47322.0,31,228,0
21,Male,1,10,0,1-2 Year,No,44131.0,125,99,0
25,Female,1,41,0,1-2 Year,No,29677.0,12,261,0
65,Male,1,8,0,1-2 Year,Yes,32972.0,11,17,0
24,Male,1,26,1,1-2 Year,No,40329.0,88,265,0
36,Male,0,29,0,> 2 Years,No,62032.0,72,217,0
44,Male,1,10,1,1-2 Year,Yes,60901.0,32,140,0
36,Female,1,17,1,1-2 Year,Yes,45493.0,57,233,1
22,Female,1,2,0,1-2 Year,No,43595.0,86,206,0
48,Male,1,6,1,1-2 Year,No,46923.0,19,151,0
52,Male,1,5,1,> 2 Years,No,34735.0,116,261,0
47,Female,1,28,0,> 2 Years,Yes,59457.0,14,105,1
40,Male,1,41,0,1-2 Year,No,32727.0,33,35,0
44,Male,1,5,0,> 2 Years,Yes,32764.0,10,120,0
32,Male,0,18,1,> 2 Years,No,52599.0,80,132,0
55,Female,1,26,1,1-2 Year,No,25818.0,64,195,0
53,Female,1,20,0,1-2 Year,Yes,62289.0,68,177,1
53,Male,1,41,1,> 2 Years,No,58892.0,92,60,0
63,Male,1,49,0,1-2 Year,Yes,30660.0,125,14,0
57,Female,1,27,0,> 2 Years,No,54521.0,80,86,0
32,Female,1,49,0,1-2 Year,Yes,63409.0,59,169,0
23,Male,1,12,0,1-2 Year,Yes,59470.0,97,217,0
21,Female,1,7,0,1-2 Year,Yes,43385.0,19,266,1
53,Male,1,3,1,1-2 Year,Yes,48296.0,149,214,0
60,Male,1,10,0,,Yes,48616.0,22,264,0
30,Female,1,34,1,1-2 Year,No,51382.0,9,20,0
63,Male,0,25,0,1-2 Year,No,36139.0,9,17,1
64,Male,1,35,0,> 2 Years,No,57060.0,27,41,0
49,Male,1,16,0,1-2 Year,Yes,47419.0,17,37,0
33,Male,1,2,1,1-2 Year,No,52785.0,45,215,0
32,Female,1,24,0,> 2 Years,Yes,40702.0,8,237,0
51,Male,1,10,0,1-2 Year,No,54217.0,146,137,0
22,Female,1,38,1,1-2 Year,Yes,64291.0,125,264,0
55,Male,0,22,0,1-2 Year,No,37397.0,123,221,0
43,Male,1,26,0,1-2 Year,No,60169.0,33,248,0
37,Male,1,43,1,1-2 Year,No,51940.0,1,216,0
46,Female,1,39,0,1-2 Year,Yes,53341.0,6,292,1
28,Male,1,27,0,1-2 Year,Yes,35067.0,41,254,0
49,Female,1,29,0,1-2 Year,Yes,38824.0,5,54,0
46,Male,1,47,0,1-2 Year,No,38444.0,80,114,0
30,Female,1,38,0,< 1 Year,No,58307.0,18,290,0
46,Male,1,20,0,1-2 Year,Yes,35974.0,82,243,0
54,Female,1,27,0,> 2 Years,No,63383.0,65,198,0
61,Female,0,41,0,1-2 Year,No,54290.0,83,53,1
27,Female,1,20,1,1-2 Year,No,41016.0,136,234,1
24,Female,1,44,0,< 1 Year,Yes,57112.0,131,151,0
65,Female,1,19,0,1-2 Year,Yes,53513.0,25,145,1
31,Male,1,20,1,1-2 Year,Yes,27956.0,69,185,1
49,Male,1,35,1,1-2 Year,No,33077.0,82,151,0
56,Male,1,47,0,1-2 Year,Yes,61490.0,117,89,1
45,Female,1,2,1,1-2 Year,No,62855.0,95,91,0
41,Male,1,30,0,> 2 Years,No,59938.0,33,144,0
56,Female,1,34,0,1-2 Year,No,61159.0,111,216,1
30,Male,1,22,1,1-2 Year,No,64710.0,146,186,0
57,Male,1,3,0,> 2 Years,Yes,43000.0,125,252,0
29,Male,1,6,0,1-2 Year,Yes,38806.0,16,64,1
44,Female,1,15,0,< 1 Year,No,37809.0,80,150,0
55,Male,1,27,0,1-2 Year,Yes,39855.0,38,65,0
55,Male,1,10,0,1-2 Year,Yes,54388.0,135,24,0
56,Male,1,9,1,1-2 Year,Yes,31458.0,78,194,1
38,Male,1,33,0,1-2 Year,Yes,60524.0,63,97,1
59,Male,1,32,1,1-2 Year,Yes,31853.0,112,106,0
52,Male,1,48,1,1-2 Year,No,57222.0,89,153,0
44,Female,1,6,1,< 1 Year,No,43320.0,38,17,0
43,Male,1,41,1,> 2 Years,No,53618.0,150,224,0
52,Male,1,36,1,1-2 Year,Yes,42352.0,144,182,0
57,Male,1,2,0,1-2 Year,Yes,32297.0,52,232,1
32,Male,1,29,0,1-2 Year,Yes,52940.0,29,49,1
33,Male,1,4,0,1-2 Year,No,28203.0,144,191,1
43,Male,1,1,1,> 2 Years,Yes,64267.0,76,279,0
45,Male,1,19,1,< 1 Year,No,62941.0,145,196,0
55,Male,1,26,0,< 1 Year,No,42273.0,64,254,1
61,Female,1,25,0,1-2 Year,Yes,50368.0,91,240,0
50,Female,1,10,0,1-2 Year,Yes,36650.0,89,164,1
37,Female,1,15,1,1-2 Year,No,55984.0,13,184,0
40,Male,1,22,0,< 1 Year,No,32382.0,72,124,0
45,Male,1,48,1,1-2 Year,Yes,25801.0,5,27,1
42,Male,1,21,1,1-2 Year,Yes,44733.0,12,281,0
33,Male,1,22,0,1-2 Year,No,34969.0,3,21,0
39,Female,1,36,0,> 2 Years,Yes,60969.0,33,201,0
56,Male,1,34,0,< 1 Year,Yes,41733.0,121,241,1
32,Male,1,30,0,1-2 Year,Yes,57449.0,50,102,0
61,Male,1,25,0,1-2 Year,No,,137,227,1
39,Female,1,45,0,1-2 Year,Yes,,29,287,0
32,Male,1,28,1,1-2 Year,Yes,53363.0,39,38,0
29,Male,0,1,0,> 2 Years,Yes,55720.0,91,86,1
27,Male,1,49,0,1-2 Year,No,34972.0,100,18,0
48,,1,45,1,> 2 Years,No,58351.0,17,33,1
34,Male,1,4,1,1-2 Year,No,61145.0,56,24,0
51,Male,1,7,0,1-2 Year,No,47412.0,46,173,0
39,Male,1,49,1,1-2 Year,No,49078.0,67,22,0
36,Male,1,9,0,,Yes,47580.0,142,181,0
25,Male,1,36,1,1-2 Year,Yes,39855.0,67,209,0
55,Male,1,19,1,> 2 Years,No,61169.0,23,85,0
32,Male,1,1,1,> 2 Years,Yes,44569.0,94,173,0
45,Female,1,10,0,> 2 Years,Yes,50738.0,151,70,1
41,Female,0,36,1,> 2 Years,No,31772.0,155,254,0
56,Male,0,9,0,1-2 Year,Yes,49874.0,54,164,0
43,Male,1,45,0,1-2 Year,Yes,44731.0,138,266,1
36,Male,0,46,0,1-2 Year,No,35131.0,77,253,0
59,Male,1,42,0,< 1 Year,No,25788.0,16,171,0
65,Female,1,32,0,> 2 Years,Yes,41184.0,41,77,0
62,Male,1,32,1,1-2 Year,No,55897.0,98,286,0
59,Female,1,6,1,< 1 Year,No,27889.0,128,170,0
34,Male,1,48,0,< 1 Year,No,34569.0,61,268,0
51,Male,1,38,0,1-2 Year,Yes,46657.0,86,104,1
25,Female,1,17,0,1-2 Year,Yes,35141.0,118,255,1
55,Female,1,10,0,1-2 Year,No,44656.0,100,230,0
43,Female,1,50,0,1-2 Year,No,46618.0,49,132,0
49,Female,1,27,1,1-2 Year,No,36934.0,2,196,0
63,Male,1,50,0,1-2 Year,Yes,48286.0,120,271,1
31,Female,1,35,0,1-2 Year,Yes,32612.0,123,282,0
38,Male,1,21,0,< 1 Year,No,57069.0,86,69,1
32,Female,1,25,1,1-2 Year,Yes,41205.0,77,134,1
29,Male,1,28,1,1-2 Year,No,52331.0,136,60,0
30,Female,1,47,1,< 1 Year,Yes,38934.0,59,187,0
64,Male,1,15,1,1-2 Year,Yes,35095.0,12,148,0
37,Male,1,4,0,< 1 Year,No,50958.0,4,179,1
58,Male,1,29,0,1-2 Year,No,62008.0,117,48,0
27,Female,1,9,1,1-2 Year,Yes,43706.0,95,78,0
33,Male,1,27,0,1-2 Year,Yes,63066.0,125,245,1
60,Male,1,26,1,> 2 Years,No,56472.0,41,57,0
62,Male,1,19,0,1-2 Year,Yes,59629.0,123,66,1
29,Male,1,28,0,> 2 Years,No,48004.0,7,286,0
47,Female,1,17,0,1-2 Year,No,45431.0,69,108,1
22,Male,1,43,1,1-2 Year,Yes,63015.0,69,24,1
25,Female,1,41,1,1-2 Year,No,59502.0,81,188,0
49,Male,1,42,0,1-2 Year,Yes,56385.0,30,71,1
57,Male,1,50,0,1-2 Year,No,29663.0,73,128,0
58,Female,0,20,0,1-2 Year,Yes,63677.0,6,46,0
39,Female,1,45,0,< 1 Year,No,37818.0,89,143,0
28,Male,1,40,0,< 1 Year,Yes,47686.0,147,35,1
65,Male,1,39,0,1-2 Year,Yes,48977.0,66,17,0
21,Female,1,49,0,1-2 Year,No,43454.0,10,13,1
42,Male,1,23,0,1-2 Year,No,38358.0,144,30,0
37,Female,1,47,0,1-2 Year,No,31668.0,37,158,0
27,Female,1,32,0,1-2 Year,Yes,34921.0,77,34,0
45,Female,1,47,0,> 2 Years,No,59959.0,77,152,0
65,Male,1,33,0,> 2 Years,Yes,57328.0,32,254,0
24,Female,1,46,0,1-2 Year,Yes,33859.0,47,52,0
56,Male,1,5,1,1-2 Year,No,48970.0,110,194,0
26,Male,1,43,0,> 2 Years,Yes,33872.0,120,51,1
51,Male,1,48,0,1-2 Year,No,44230.0,154,101,0
39,Male,1,34,0,1-2 Year,No,51708.0,10,62,0
64,Female,1,40,1,> 2 Years,No,43847.0,159,93,0
59,Female,1,11,1,1-2 Year,No,52105.0,97,43,0
47,Female,1,50,1,1-2 Year,No,29922.0,157,85,0
30,Male,1,3,1,1-2 Year,Yes,29392.0,5,206,0
46,Male,1,33,0,< 1 Year,No,38541.0,77,295,0
39,Male,1,11,1,> 2 Years,Yes,44551.0,1,97,0
59,Female,1,16,1,1-2 Year,Yes,44381.0,131,244,1
23,Male,0,18,0,1-2 Year,No,60995.0,67,241,1
65,Female,1,30,0,1-2 Year,No,47948.0,15,16,1
33,Male,1,48,0,1-2 Year,No,51728.0,93,47,0
48,Male,1,10,1,1-2 Year,Yes,27024.0,30,61,0
40,Female,1,18,0,1-2 Year,No,41713.0,103,152,0
48,Male,1,38,1,> 2 Years,Yes,27486.0,82,230,0
28,Female,1,19,0,< 1 Year,No,26155.0,75,249,0
61,Female,1,36,0,1-2 Year,No,35082.0,60,152,1
59,Male,1,13,0,1-2 Year,No,62245.0,40,58,1
21,Male,1,46,0,1-2 Year,Yes,43569.0,157,286,1
23,Male,1,3,1,> 2 Years,Yes,32086.0,74,280,0
33,Female,0,10,1,1-2 Year,Yes,27317.0,121,23,0
48,Male,1,38,0,> 2 Years,No,61389.0,147,24,1
45,Male,1,1,1,< 1 Year,No,29491.0,3,243,0
53,Male,1,27,0,1-2 Year,Yes,40916.0,36,72,1
58,Female,1,46,1,1-2 Year,No,40248.0,43,205,0
26,Male,0,8,0,1-2 Year,No,27511.0,143,36,0
64,Female,1,46,0,> 2 Years,No,49226.0,115,102,0
65,Female,1,42,0,> 2 Years,No,50025.0,109,114,0
52,Male,1,17,0,1-2 Year,No,32848.0,90,61,0
65,Male,1,9,0,> 2 Years,Yes,39274.0,84,190,1
41,Female,1,6,1,1-2 Year,Yes,55958.0,77,66,0
36,Male,1,43,1,1-2 Year,Yes,60233.0,5,129,0
41,Female,1,25,1,1-2 Year,No,41304.0,78,52,0
31,Male,1,39,0,1-2 Year,No,36294.0,91,144,0
57,Male,1,49,0,1-2 Year,No,51425.0,87,269,0
56,Female,1,28,0,< 1 Year,Yes,28175.0,14,206,0
55,Male,1,33,0,1-2 Year,Yes,52775.0,104,142,1
39,Male,1,37,1,,Yes,34425.0,83,264,0
40,Male,1,9,0,< 1 Year,Yes,51013.0,54,229,1
38,Male,1,18,0,> 2 Years,No,52928.0,132,50,1
61,Male,1,21,0,> 2 Years,No,33210.0,95,264,0
34,Male,1,2,1,1-2 Year,No,27759.0,9,11,0
35,Female,1,43,0,< 1 Year,No,41091.0,53,204,1
51,Male,1,38,0,1-2 Year,Yes,25002.0,77,251,0
21,Female,1,40,0,1-2 Year,Yes,55160.0,60,158,0
23,Male,1,36,0,1-2 Year,Yes,45707.0,46,207,1
36,Female,1,50,0,> 2 Years,No,40248.0,54,254,0
43,Male,1,43,0,1-2 Year,No,30773.0,74,117,0
31,Female,1,37,1,1-2 Year,Yes,37786.0,112,221,0
32,Male,1,15,0,1-2 Year,Yes,40037.0,95,165,1
30,Male,1,28,1,1-2 Year,Yes,26885.0,23,35,0
52,Male,1,18,1,1-2 Year,Yes,64828.0,27,91,0
36,Male,1,34,1,1-2 Year,Yes,41331.0,70,92,0
28,Male,1,22,0,1-2 Year,Yes,47495.0,109,140,0
58,Male,1,11,0,< 1 Year,Yes,38450.0,77,109,1
32,Female,1,13,1,1-2 Year,No,34491.0,50,265,0
44,Male,1,4,1,1-2 Year,No,34268.0,124,58,0
48,Male,0,22,0,1-2 Year,Yes,52757.0,19,72,1
28,Male,1,7,1,1-2 Year,Yes,31791.0,1,299,0
48,Female,1,43,0,1-2 Year,Yes,64939.0,40,114,0
56,Male,1,24,0,> 2 Years,Yes,53314.0,22,114,1
46,Male,1,4,0,1-2 Year,Yes,53583.0,112,24,0
28,Male,1,28,0,> 2 Years,No,46550.0,40,184,0
48,Female,1,15,0,1-2 Year,No,25093.0,38,268,0
48,Female,1,1,1,1-2 Year,No,60755.0,48,220,0
57,Male,1,3,0,> 2 Years,Yes,34967.0,75,268,1
61,Female,1,14,0,> 2 Years,No,41218.0,107,111,0
56,Female,1,38,0,> 2 Years,Yes,33627.0,8,269,0
47,Male,1,50,0,1-2 Year,Yes,29947.0,86,168,1
37,Female,1,1,0,< 1 Year,No,64419.0,68,54,0
29,Male,1,38,1,> 2 Years,No,48178.0,75,260,0
53,Male,1,38,1,1-2 Year,No,53876.0,137,174,0
40,Male,1,21,1,1-2 Year,No,47908.0,90,202,0
33,Male,0,48,1,1-2 Year,No,60912.0,130,18,0
48,Male,1,29,0,> 2 Years,No,44971.0,80,74,0
49,Female,1,5,0,> 2 Years,No,57584.0,95,291,1
33,Male,1,49,0,1-2 Year,No,33959.0,70,190,1
55,Male,0,10,0,> 2 Years,No,53261.0,90,291,1
26,Male,0,28,1,< 1 Year,No,64462.0,59,288,0
38,Female,1,21,0,< 1 Year,No,40835.0,147,39,0
25,Male,1,50,0,1-2 Year,Yes,,28,275,1
45,Male,0,7,1,< 1 Year,No,28346.0,72,226,0
22,Male,1,3,1,1-2 Year,Yes,55807.0,14,114,0
30,Male,1,45,1,1-2 Year,Yes,55418.0,24,193,0
50,Female,1,47,0,1-2 Year,Yes,36340.0,112,157,0
65,Female,1,20,0,1-2 Year,No,58012.0,44,114,0
25,Male,1,19,0,1-2 Year,No,60393.0,56,56,1
53,Female,1,35,0,1-2 Year,Yes,61617.0,120,96,0
21,Male,1,4,0,1-2 Year,Yes,34597.0,32,138,0
38,Female,1,5,0,> 2 Years,Yes,50557.0,25,267,0
52,Male,1,1,1,> 2 Years,No,32737.0,116,156,0
31,Male,1,4,0,1-2 Year,Yes,42276.0,66,81,1
41,Male,1,12,1,> 2 Years,Yes,32310.0,42,149,0
46,Female,1,27,1,< 1 Year,Yes,60167.0,76,36,0
45,Male,1,42,0,1-2 Year,No,62408.0,137,38,0
42,Male,1,23,1,> 2 Years,Yes,44344.0,38,280,0
47,Male,1,25,0,1-2 Year,No,35391.0,61,183,0
33,Female,1,21,0,> 2 Years,Yes,35892.0,89,262,0
53,Male,1,24,1,1-2 Year,No,36197.0,18,69,0
54,Female,1,25,0,> 2 Years,Yes,38050.0,70,116,0
61,Female,1,45,1,1-2 Year,No,61142.0,82,229,0
55,Male,1,46,0,1-2 Year,Yes,38535.0,116,268,1
21,Female,1,32,1,1-2 Year,No,30122.0,80,155,1
41,Male,1,32,0,1-2 Year,No,34852.0,15,61,1
26,Female,1,5,0,1-2 Year,No,30387.0,13,69,0
48,Male,1,36,0,> 2 Years,No,56759.0,119,43,0
37,Female,1,46,1,1-2 Year,Yes,64994.0,43,105,0
25,Female,1,42,1,< 1 Year,No,62876.0,57,98,0
51,Female,1,49,1,1-2 Year,No,59878.0,17,240,1
25,Female,1,42,0,1-2 Year,Yes,58725.0,32,284,1
58,Male,1,39,1,> 2 Years,No,32146.0,150,255,0
23,Male,1,16,1,1-2 Year,Yes,25560.0,55,120,0
43,Female,1,33,1,1-2 Year,Yes,26312.0,13,243,1
57,Male,1,49,0,1-2 Year,Yes,43205.0,47,287,1
57,Male,1,21,1,1-2 Year,Yes,36595.0,87,175,0
30,Female,1,9,1,> 2 Years,No,47030.0,62,137,0
30,Female,1,6,0,1-2 Year,Yes,46329.0,29,246,1
39,Female,1,45,1,1-2 Year,Yes,63142.0,22,116,0
37,Male,1,35,1,> 2 Years,Yes,27651.0,65,137,0
41,Female,1,39,0,> 2 Years,No,35006.0,29,204,0
34,Male,1,22,0,,No,60645.0,48,152,0
29,Female,1,41,0,1-2 Year,Yes,46966.0,5,120,1
21,Male,1,5,0,1-2 Year,Yes,52846.0,101,99,0
65,Female,1,42,1,1-2 Year,Yes,46774.0,71,260,0
33,Female,1,23,0,> 2 Years,No,29083.0,141,289,0
24,Male,1,17,1,1-2 Year,No,58513.0,138,233,0
21,Female,1,12,1,1-2 Year,Yes,33749.0,66,110,0
60,Male,0,23,0,1-2 Year,Yes,55783.0,72,141,1
52,Female,1,16,1,1-2 Year,No,42325.0,25,22,0
54,Female,1,3,1,1-2 Year,No,43680.0,60,107,0
48,Male,1,30,1,< 1 Year,Yes,42323.0,40,129,1
51,Female,1,22,1,1-2 Year,Yes,47684.0,7,208,0
28,Female,1,9,1,< 1 Year,Yes,59493.0,151,10,1
59,Male,1,29,1,1-2 Year,No,37213.0,46,69,1
46,Male,1,47,0,1-2 Year,No,56831.0,86,259,0
54,Female,1,37,1,1-2 Year,No,52713.0,141,149,0
23,Female,1,23,1,< 1 Year,No,32187.0,21,158,0
32,Female,1,13,1,1-2 Year,Yes,57800.0,1,53,0
21,Female,1,32,0,1-2 Year,No,57583.0,123,195,0
64,Male,1,46,1,1-2 Year,No,39408.0,147,117,0
25,Female,1,47,0,< 1 Year,Yes,47369.0,125,53,0
50,Male,1,48,1,> 2 Years,No,28414.0,33,87,0
50,Male,1,23,0,> 2 Years,Yes,44510.0,4,235,0
37,Male,1,45,0,> 2 Years,Yes,37120.0,3,171,1
43,Male,1,17,0,1-2 Year,No,59311.0,91,290,0
35,Male,1,40,0,> 2 Years,No,58039.0,52,262,0
57,Male,1,21,1,1-2 Year,No,30295.0,28,141,0
41,Female,1,2,1,< 1 Year,Yes,45460.0,70,153,0
34,Male,1,37,1,1-2 Year,No,39963.0,57,275,0
22,Male,1,6,0,> 2 Years,No,36580.0,108,118,0
31,Male,1,44,0,1-2 Year,Yes,47286.0,144,203,1
59,Male,1,18,1,< 1 Year,No,52328.0,24,44,1
58,Male,1,30,1,> 2 Years,No,44093.0,77,284,0
54,Male,1,22,0,> 2 Years,Yes,,76,196,0
58,Male,1,33,0,1-2 Year,No,31722.0,69,252,0
54,Female,1,30,0,1-2 Year,Yes,61912.0,101,273,1
38,Male,1,17,1,1-2 Year,Yes,63374.0,159,19,0
50,Male,1,43,1,1-2 Year,Yes,31766.0,92,175,0
35,Male,1,32,0,1-2 Year,No,40928.0,92,38,1
47,Female,1,42,0,1-2 Year,Yes,46274.0,30,280,1
54,Male,1,14,1,> 2 Years,No,59416.0,18,96,0
58,Male,1,10,0,1-2 Year,Yes,45612.0,44,32,0
53,Male,1,47,0,1-2 Year,No,59898.0,155,219,1
44,Male,1,36,1,1-2 Year,No,54047.0,99,55,0
35,Male,1,34,0,1-2 Year,No,62134.0,154,37,0
50,Male,1,9,0,1-2 Year,Yes,26506.0,121,35,1
62,Male,1,42,1,1-2 Year,No,40222.0,115,275,0
37,Male,1,28,1,1-2 Year,No,,60,184,1
25,Male,1,11,1,1-2 Year,No,44613.0,146,13,0
49,Female,1,14,1,1-2 Year,No,55628.0,56,76,1
24,Female,1,39,1,> 2 Years,No,29136.0,31,144,0
30,Female,1,47,1,> 2 Years,Yes,36161.0,101,64,0
37,Female,1,19,0,1-2 Year,No,,59,40,0
30,Male,1,15,1,1-2 Year,No,48574.0,124,83,0
37,Male,1,28,1,1-2 Year,Yes,51902.0,130,28,0
40,Male,1,24,0,> 2 Years,Yes,27810.0,97,165,0
44,Male,0,8,0,1-2 Year,Yes,36663.0,107,165,0
25,Female,1,43,0,> 2 Years,No,31152.0,18,156,0
54,Male,1,9,0,1-2 Year,No,25012.0,145,96,0
26,Female,1,47,0,> 2 Years,Yes,36162.0,71,29,1
22,Male,1,33,1,> 2 Years,Yes,47322.0,106,278,0
33,Female,1,33,1,> 2 Years,Yes,32999.0,54,52,1
63,Male,1,19,0,1-2 Year,Yes,32219.0,94,37,1
63,Male,1,3,0,< 1 Year,Yes,30328.0,76,269,1
31,Male,1,10,0,1-2 Year,No,28621.0,35,31,0
43,Male,1,40,1,,Yes,49256.0,11,110,0
36,Male,1,47,0,< 1 Year,No,36314.0,61,48,0
51,Male,1,42,0,1-2 Year,No,25652.0,44,299,1
31,Female,0,1,0,1-2 Year,Yes,41182.0,121,179,0
36,Male,1,29,0,1-2 Year,No,61558.0,68,139,0
28,Male,1,50,0,1-2 Year,No,40659.0,25,165,0
24,Male,1,34,1,1-2 Year,No,59413.0,84,83,0
60,Female,1,13,1,> 2 Years,Yes,35435.0,114,99,1
24,Male,0,1,1,1-2 Year,Yes,53067.0,132,76,1
45,Male,1,34,0,1-2 Year,Yes,47258.0,1,245,1
23,Male,1,29,1,1-2 Year,Yes,53287.0,131,209,0
52,Male,1,48,1,> 2 Years,Yes,28688.0,86,236,1
23,Female,1,47,0,< 1 Year,Yes,32689.0,62,242,1
47,Male,1,13,1,1-2 Year,Yes,26379.0,64,275,0
49,Male,1,48,0,1-2 Year,Yes,62011.0,145,95,0
52,Female,1,49,1,1-2 Year,Yes,52624.0,126,111,0
39,Male,1,29,0,1-2 Year,Yes,50964.0,105,223,0
41,Male,1,39,1,> 2 Years,No,47891.0,62,117,0
25,Male,1,24,0,> 2 Years,Yes,63379.0,35,174,1
38,Female,1,26,1,< 1 Year,No,37516.0,13,100,0
48,Male,1,17,1,1-2 Year,Yes,38886.0,43,201,0
62,Female,1,7,1,1-2 Year,No,45307.0,130,95,0
42,Male,1,13,0,1-2 Year,Yes,49843.0,111,231,1
41,Male,1,5,0,1-2 Year,No,30912.0,128,110,0
26,Male,1,26,1,1-2 Year,No,46514.0,51,235,0
21,Female,1,49,0,> 2 Years,Yes,46823.0,144,69,0
25,Male,1,3,0,> 2 Years,No,53797.0,146,259,1
61,Female,1,7,1,< 1 Year,No,31449.0,135,57,0
32,Female,1,49,0,1-2 Year,Yes,26725.0,45,126,0
46,Male,1,39,0,1-2 Year,No,40870.0,42,236,0
54,Male,1,1,0,1-2 Year,No,34304.0,135,42,0
34,Male,1,49,0,1-2 Year,No,32522.0,15,53,0
46,Male,1,17,1,1-2 Year,Yes,38663.0,60,174,0
65,Female,1,43,1,> 2 Years,No,29784.0,40,296,0
47,Female,1,25,1,> 2 Years,No,34472.0,112,234,0
29,Male,1,3,1,1-2 Year,No,53952.0,77,295,0
46,Male,1,15,0,1-2 Year,No,35055.0,105,213,0
42,Female,1,29,0,1-2 Year,Yes,54508.0,107,181,1
50,Male,1,43,0,1-2 Year,No,37676.0,122,21,0
63,Female,1,32,0,1-2 Year,Yes,50192.0,80,130,1
37,Male,1,26,1,1-2 Year,Yes,49722.0,125,253,0
46,Female,1,16,0,1-2 Year,No,32446.0,134,161,0
56,Male,1,25,0,1-2 Year,No,29725.0,32,161,0
21,Male,1,28,0,> 2 Years,Yes,45061.0,108,197,0
28,Male,1,9,1,1-2 Year,No,47671.0,114,22,0
55,Male,1,1,1,1-2 Year,Yes,26409.0,146,100,0
35,Male,1,29,0,1-2 Year,Yes,33205.0,68,209,1
42,Female,1,22,1,1-2 Year,No,41365.0,127,83,0
34,Female,1,16,0,< 1 Year,Yes,25256.0,135,265,0
46,Male,1,41,0,,Yes,40704.0,114,285,1
48,Male,1,44,1,> 2 Years,Yes,54902.0,8,80,1
43,Male,1,41,0,1-2 Year,No,60758.0,64,87,1
34,Male,1,7,1,1-2 Year,Yes,26195.0,135,293,0
44,Male,1,14,1,< 1 Year,Yes,59012.0,41,139,0
22,Male,1,29,1,1-2 Year,No,36415.0,40,52,0
65,Male,1,19,1,> 2 Years,No,64534.0,3,17,0
46,Male,1,19,0,< 1 Year,Yes,46686.0,145,22,0
34,Male,1,2,1,1-2 Year,No,36662.0,110,222,0
27,Male,1,41,0,1-2 Year,Yes,53743.0,114,120,1
23,Female,1,45,1,1-2 Year,No,57161.0,112,32,0
43,Male,1,15,1,> 2 Years,Yes,27402.0,150,263,0
63,Female,1,3,1,1-2 Year,Yes,38275.0,4,24,1
65,Male,1,11,1,> 2 Years,Yes,53182.0,134,139,1
38,Male,1,46,0,1-2 Year,Yes,39915.0,26,70,1
58,Female,1,30,1,> 2 Years,No,25909.0,139,124,0
55,Female,1,40,1,1-2 Year,Yes,25372.0,17,76,0
35,Female,1,18,1,1-2 Year,Yes,47620.0,92,258,0
45,Male,1,48,1,> 2 Years,No,59112.0,31,184,0
57,Male,1,2,0,1-2 Year,No,33515.0,144,11,0
48,Female,1,32,0,1-2 Year,Yes,27431.0,107,181,1
30,Male,1,8,1,1-2 Year,Yes,46054.0,146,293,0
59,Male,1,22,1,1-2 Year,Yes,57624.0,111,63,0
37,Male,1,6,0,1-2 Year,Yes,35585.0,101,76,1
59,Male,1,12,1,> 2 Years,Yes,56958.0,112,111,1
42,Female,1,47,0,1-2 Year,No,26695.0,62,129,1
46,Male,1,40,1,1-2 Year,No,59675.0,112,200,0
64,Male,1,36,0,> 2 Years,Yes,58787.0,155,56,0
45,Male,1,15,0,1-2 Year,Yes,26403.0,116,231,0
37,Male,1,28,0,> 2 Years,Yes,42810.0,35,30,0
33,Male,0,49,0,> 2 Years,Yes,33855.0,28,167,0
40,Male,1,45,0,1-2 Year,Yes,63636.0,103,168,0
45,Male,0,18,0,< 1 Year,No,35839.0,125,244,0
24,Female,1,2,0,< 1 Year,No,25010.0,102,159,1
30,Male,1,13,1,1-2 Year,No,64098.0,137,266,0
23,,1,45,1,> 2 Years,No,34230.0,143,174,0
61,Female,1,15,0,1-2 Year,Yes,60771.0,21,86,1
65,Female,0,20,1,1-2 Year,No,54256.0,52,94,1
38,Male,1,29,0,< 1 Year,Yes,50651.0,97,55,0
56,Male,1,42,1,> 2 Years,Yes,57383.0,51,56,0
42,Male,1,29,1,1-2 Year,No,64963.0,83,222,0
54,Female,1,3,0,1-2 Year,Yes,38662.0,55,68,0
28,Female,1,19,0,1-2 Year,No,38739.0,77,63,0
60,Female,1,3,0,> 2 Years,Yes,26789.0,127,21,1
64,Male,1,14,0,1-2 Year,No,44420.0,93,201,1
39,Female,1,40,1,1-2 Year,No,48761.0,88,15,0
62,Male,1,4,0,1-2 Year,No,62606.0,80,153,0
61,Male,1,11,0,1-2 Year,No,63640.0,153,270,1
57,Male,1,31,0,1-2 Year,Yes,62067.0,92,82,1
26,Female,1,43,0,> 2 Years,No,42357.0,47,183,0
46,Male,1,32,0,1-2 Year,No,64851.0,38,241,1
54,Female,1,27,0,< 1 Year,No,63262.0,139,279,0
65,Male,1,30,1,< 1 Year,No,,15,231,0
26,Male,1,43,0,1-2 Year,No,46534.0,1,61,0
57,Male,1,2,0,> 2 Years,No,50734.0,135,125,1
53,Male,1,49,1,< 1 Year,No,60897.0,1,35,0
42,Female,1,9,0,1-2 Year,No,57872.0,49,62,0
41,Male,1,28,1,1-2 Year,No,32689.0,96,38,0
26,Female,0,31,1,< 1 Year,Yes,28567.0,157,28,0
26,Female,1,34,0,1-2 Year,Yes,45732.0,26,288,0
24,Female,1,15,0,1-2 Year,Yes,45774.0,87,126,0
50,Male,1,48,0,1-2 Year,Yes,48195.0,93,115,1
31,Male,1,25,0,1-2 Year,Yes,62412.0,102,236,0
50,Male,1,36,0,1-2 Year,No,47257.0,71,195,0
51,Female,1,8,0,1-2 Year,Yes,29394.0,140,270,0
44,Female,1,9,0,> 2 Years,Yes,61302.0,95,25,1
29,Male,1,37,0,1-2 Year,No,47228.0,118,282,0
23,Female,1,48,1,> 2 Years,No,37388.0,148,169,0
51,Male,1,45,1,< 1 Year,No,36319.0,119,259,0
60,Male,1,39,0,< 1 Year,No,31475.0,51,233,0
57,Male,0,32,0,< 1 Year,No,56555.0,81,265,0
56,Female,1,17,1,1-2 Year,Yes,43158.0,36,189,0
44,Male,1,35,1,1-2 Year,No,39728.0,67,29,0
51,Female,1,37,1,> 2 Years,No,54545.0,129,121,0
26,Female,1,19,0,1-2 Year,Yes,56100.0,114,129,0
22,Female,1,44,1,1-2 Year,Yes,41150.0,155,203,0
40,Male,1,29,0,1-2 Year,No,,111,120,0
48,Male,1,7,0,< 1 Year,Yes,57876.0,142,219,1
31,Male,1,28,0,1-2 Year,No,28239.0,100,10,0
24,Male,1,9,0,1-2 Year,Yes,63699.0,109,67,0
35,Male,1,28,0,> 2 Years,No,61821.0,120,102,0
26,Female,1,6,0,> 2 Years,No,55615.0,79,230,0
50,Male,1,29,1,1-2 Year,Yes,38746.0,134,220,1
58,Male,1,17,1,1-2 Year,Yes,45921.0,19,241,1
22,Male,1,16,0,> 2 Years,No,47745.0,127,271,0
35,Male,1,23,0,> 2 Years,No,26245.0,29,112,1
31,Male,1,31,0,1-2 Year,No,49853.0,24,59,0
28,Male,1,3,1,> 2 Years,No,52632.0,151,119,0
46,Female,1,21,0,< 1 Year,No,37856.0,10,97,1
65,Male,1,26,1,> 2 Years,Yes,30105.0,105,29,1
64,Female,1,36,0,< 1 Year,Yes,60690.0,145,23,0
25,Female,1,42,0,1-2 Year,Yes,27513.0,158,142,0
26,Male,1,37,1,> 2 Years,No,27801.0,55,43,0
46,Female,1,22,1,1-2 Year,Yes,57345.0,147,217,0
24,Male,1,42,0,1-2 Year,Yes,38895.0,157,208,0
39,Female,1,12,0,1-2 Year,No,64749.0,2,89,0
40,Male,1,42,1,> 2 Years,No,33221.0,147,80,0
53,Female,1,13,0,> 2 Years,Yes,31038.0,135,164,1
40,Female,1,11,1,1-2 Year,Yes,57031.0,154,87,1
32,Female,1,16,0,1-2 Year,Yes,40082.0,111,87,0
21,Female,1,8,1,> 2 Years,Yes,39648.0,38,181,0
46,Male,1,40,1,1-2 Year,No,25364.0,131,298,0
34,Male,1,40,0,1-2 Year,Yes,59568.0,102,42,0
58,Male,1,45,1,1-2 Year,No,39110.0,95,285,0
57,Male,1,2,0,1-2 Year,No,30958.0,92,16,0
31,Female,1,30,0,< 1 Year,Yes,34096.0,71,169,0
56,Male,1,30,1,< 1 Year,No,32436.0,24,249,0
33,Female,1,12,0,< 1 Year,Yes,46177.0,68,33,0
63,Male,0,10,1,> 2 Years,Yes,51754.0,128,223,1
23,Female,1,44,0,1-2 Year,Yes,49544.0,93,79,0
53,Male,1,11,0,1-2 Year,Yes,37638.0,44,225,0
26,Female,0,15,0,1-2 Year,Yes,25179.0,133,113,0
30,Female,1,16,0,1-2 Year,Yes,28873.0,55,224,0
25,Male,1,17,0,1-2 Year,No,42570.0,158,63,0
43,Male,1,26,1,> 2 Years,No,42157.0,29,212,0
30,Female,1,2,1,1-2 Year,No,29460.0,154,297,0
64,Male,1,50,1,> 2 Years,Yes,25352.0,154,54,0
22,Male,1,12,0,1-2 Year,No,46586.0,37,207,0
33,Male,0,26,0,1-2 Year,No,30344.0,115,225,0
60,Male,1,23,0,1-2 Year,No,29507.0,158,193,1
22,Male,1,18,0,> 2 Years,No,62598.0,3,36,0
40,Male,1,32,0,> 2 Years,No,57885.0,122,175,0
21,Male,1,49,0,< 1 Year,Yes,41865.0,43,283,0
57,Male,1,38,0,1-2 Year,No,62055.0,7,112,0
29,Female,1,47,1,1-2 Year,Yes,52213.0,125,113,0
37,Male,1,3,0,> 2 Years,No,29477.0,49,254,0
29,Female,1,38,0,1-2 Year,Yes,31533.0,121,178,0
31,Male,1,3,0,> 2 Years,Yes,48396.0,73,125,0
35,Male,1,30,0,> 2 Years,Yes,37755.0,41,150,1
44,Male,0,1,1,1-2 Year,No,25865.0,106,134,0
58,,1,30,0,> 2 Years,Yes,36173.0,77,34,1
55,Male,1,45,0,< 1 Year,Yes,63097.0,127,203,1
50,Male,1,32,0,< 1 Year,No,58371.0,91,109,0
51,Male,1,28,0,1-2 Year,No,63524.0,155,14,0
25,Male,0,21,0,< 1 Year,Yes,36254.0,8,28,0
64,Female,1,46,1,> 2 Years,Yes,29018.0,32,179,0
34,Male,1,13,1,< 1 Year,No,30192.0,64,283,0
31,Male,1,27,1,,No,27015.0,138,263,0
29,Female,1,36,0,< 1 Year,No,28380.0,13,130,0
54,Male,1,7,1,1-2 Year,No,53343.0,93,41,0
32,Male,0,22,0,< 1 Year,Yes,28770.0,61,158,1
55,Female,1,10,0,1-2 Year,No,30829.0,8,275,0
55,Male,1,39,1,1-2 Year,No,59381.0,29,46,0
21,Female,1,15,0,> 2 Years,No,40545.0,95,186,0
60,Female,1,15,0,> 2 Years,Yes,43263.0,41,22,0
42,Male,0,4,1,< 1 Year,No,63140.0,158,192,0
49,Male,1,32,0,> 2 Years,No,50675.0,149,154,0
28,Male,1,23,1,< 1 Year,Yes,50362.0,11,274,0
31,Male,1,6,0,1-2 Year,No,25148.0,2,97,1
61,Male,1,24,1,< 1 Year,No,26754.0,131,55,0
57,Female,1,20,1,1-2 Year,No,51745.0,80,128,0
34,Male,1,37,1,1-2 Year,No,32378.0,87,28,0
50,Male,1,20,0,> 2 Years,No,45140.0,153,229,1
55,Female,1,12,0,1-2 Year,No,34371.0,158,242,0
41,Female,1,33,0,1-2 Year,Yes,51999.0,106,103,1
57,Male,1,28,0,1-2 Year,Yes,37779.0,139,260,1
25,Male,1,8,0,> 2 Years,Yes,56075.0,17,259,0
39,Male,1,1,1,1-2 Year,No,55697.0,154,291,0
